transient_id,transient_ra,transient_dec
MS_9044_39,56.314347863418,-29.8083009983401
MS_9171_91,54.9925513977712,-30.3597105731687
MS_9171_88,55.4849501142787,-30.5450248318641
